SITE,CHELSA_BIO_Annual_Mean_Temperature,CHELSA_BIO_Annual_Precipitation,CHELSA_BIO_AridityIndex,CHELSA_BIO_FrostChangeFrequency,CHELSA_BIO_GrowingDegreeDaysHeatSum_gt0degrees,CHELSA_BIO_GrowingDegreeDays_gt0degrees,CHELSA_BIO_GrowingDegreeDays_gt10degrees,CHELSA_BIO_GrowingDegreeDays_gt5degrees,CHELSA_BIO_GrowingDegreeDaystSumHeatSum_gt10degrees,CHELSA_BIO_GrowingDegreeDaystSumHeatSum_gt5degrees,CHELSA_BIO_GrowingSeasonLength,CHELSA_BIO_GrowingSeasonPrecipitationSum,CHELSA_BIO_GrowingSeasonTemperatureMean,CHELSA_BIO_Isothermality,CHELSA_BIO_Max_Temperature_of_Warmest_Month,CHELSA_BIO_MaximumMonthlyMoisture_Index,CHELSA_BIO_MaximumMonthlyPotential_Evapotranspiration,CHELSA_BIO_MaximumMonthlyVaporPressureDeficit,CHELSA_BIO_MaximumSurfaceDownwellingShortwave,CHELSA_BIO_MeanMonthlyMoisture_Index,CHELSA_BIO_MeanMonthlyPotential_Evapotranspiration,CHELSA_BIO_MeanMonthlyVaporPressureDeficit,CHELSA_BIO_MeanSurfaceDownwellingShortwave,CHELSA_BIO_Mean_Diurnal_Range,CHELSA_BIO_Mean_Temperature_of_Coldest_Quarter,CHELSA_BIO_Mean_Temperature_of_Driest_Quarter,CHELSA_BIO_Mean_Temperature_of_Warmest_Quarter,CHELSA_BIO_Mean_Temperature_of_Wettest_Quarter,CHELSA_BIO_Min_Temperature_of_Coldest_Month,CHELSA_BIO_MinimumMonthlyMoisture_Index,CHELSA_BIO_MinimumMonthlyPotential_Evapotranspiration,CHELSA_BIO_MinimumMonthlyVaporPressureDeficit,CHELSA_BIO_MinimumSurfaceDownwellingShortwave,CHELSA_BIO_NPP,CHELSA_BIO_Precipitation_Seasonality,CHELSA_BIO_Precipitation_of_Coldest_Quarter,CHELSA_BIO_Precipitation_of_Driest_Month,CHELSA_BIO_Precipitation_of_Driest_Quarter,CHELSA_BIO_Precipitation_of_Warmest_Quarter,CHELSA_BIO_Precipitation_of_Wettest_Month,CHELSA_BIO_Precipitation_of_Wettest_Quarter,CHELSA_BIO_SnowCoverDays,CHELSA_BIO_SnowWaterEquivalent,CHELSA_BIO_Temperature_Annual_Range,CHELSA_BIO_Temperature_Seasonality,EarthEnv_CloudCover_Mean,EarthEnv_CloudCover_SD,EarthEnv_CloudCover_intraAnnualSD,EarthEnv_CloudCover_seasonalCloudConcentration,EarthEnv_CloudCover_seasonalCloudConcentration_peakTime,EarthEnv_Texture_CoOfVar_EVI,EarthEnv_Texture_Contrast_EVI,EarthEnv_Texture_Correlation_EVI,EarthEnv_Texture_Dissimilarity_EVI,EarthEnv_Texture_Entropy_EVI,EarthEnv_Texture_Homogeneity_EVI,EarthEnv_Texture_Maximum_EVI,EarthEnv_Texture_Range_EVI,EarthEnv_Texture_Shannon_Index,EarthEnv_Texture_Simpson_Index,EarthEnv_Texture_Std_EVI,EarthEnv_Texture_Uniformity_EVI,EarthEnv_Texture_Variance_EVI,SBIO_0_5cm_Annual_Mean_Temperature,SBIO_0_5cm_Isothermality,SBIO_0_5cm_Max_Temperature_of_Warmest_Month,SBIO_0_5cm_Mean_Diurnal_Range,SBIO_0_5cm_Mean_Temperature_of_Coldest_Quarter,SBIO_0_5cm_Mean_Temperature_of_Driest_Quarter,SBIO_0_5cm_Mean_Temperature_of_Warmest_Quarter,SBIO_0_5cm_Mean_Temperature_of_Wettest_Quarter,SBIO_0_5cm_Min_Temperature_of_Coldest_Month,SBIO_0_5cm_Temperature_Annual_Range,SBIO_0_5cm_Temperature_Seasonality,SBIO_5_15cm_Annual_Mean_Temperature,SBIO_5_15cm_Isothermality,SBIO_5_15cm_Max_Temperature_of_Warmest_Month,SBIO_5_15cm_Mean_Diurnal_Range,SBIO_5_15cm_Mean_Temperature_of_Coldest_Quarter,SBIO_5_15cm_Mean_Temperature_of_Driest_Quarter,SBIO_5_15cm_Mean_Temperature_of_Warmest_Quarter,SBIO_5_15cm_Mean_Temperature_of_Wettest_Quarter,SBIO_5_15cm_Min_Temperature_of_Coldest_Month,SBIO_5_15cm_Temperature_Annual_Range,SBIO_5_15cm_Temperature_Seasonality,SG_Bulk_density_0_5cm,SG_Bulk_density_100_200cm,SG_Bulk_density_15_30cm,SG_Bulk_density_30_60cm,SG_Bulk_density_5_15cm,SG_Bulk_density_60_100cm,SG_CEC_0_5cm,SG_CEC_100_200cm,SG_CEC_15_30cm,SG_CEC_30_60cm,SG_CEC_5_15cm,SG_CEC_60_100cm,SG_Clay_Content_0_5cm,SG_Clay_Content_100_200cm,SG_Clay_Content_15_30cm,SG_Clay_Content_30_60cm,SG_Clay_Content_5_15cm,SG_Clay_Content_60_100cm,SG_Coarse_fragments_0_5cm,SG_Coarse_fragments_100_200cm,SG_Coarse_fragments_15_30cm,SG_Coarse_fragments_30_60cm,SG_Coarse_fragments_5_15cm,SG_Coarse_fragments_60_100cm,SG_Nitrogen_Content_0_5cm,SG_Nitrogen_Content_100_200cm,SG_Nitrogen_Content_15_30cm,SG_Nitrogen_Content_30_60cm,SG_Nitrogen_Content_5_15cm,SG_Nitrogen_Content_60_100cm,SG_SOC_Content_0_5cm,SG_SOC_Content_100_200cm,SG_SOC_Content_15_30cm,SG_SOC_Content_30_60cm,SG_SOC_Content_5_15cm,SG_SOC_Content_60_100cm,SG_SOC_Density_0_5cm,SG_SOC_Density_100_200cm,SG_SOC_Density_15_30cm,SG_SOC_Density_30_60cm,SG_SOC_Density_5_15cm,SG_SOC_Density_60_100cm,SG_SOC_stocks_15_30cm,SG_Sand_Content_0_5cm,SG_Sand_Content_100_200cm,SG_Sand_Content_15_30cm,SG_Sand_Content_30_60cm,SG_Sand_Content_5_15cm,SG_Sand_Content_60_100cm,SG_Silt_Content_0_5cm,SG_Silt_Content_100_200cm,SG_Silt_Content_15_30cm,SG_Silt_Content_30_60cm,SG_Silt_Content_5_15cm,SG_Silt_Content_60_100cm,SG_Soil_pH_0_5cm,SG_Soil_pH_100_200cm,SG_Soil_pH_15_30cm,SG_Soil_pH_30_60cm,SG_Soil_pH_5_15cm,SG_Soil_pH_60_100cm,WorldClim2_BIO_Annual_Mean_Temperature,WorldClim2_BIO_Annual_Precipitation,WorldClim2_BIO_Isothermality,WorldClim2_BIO_Max_Temperature_of_Warmest_Month,WorldClim2_BIO_Mean_Diurnal_Range,WorldClim2_BIO_Mean_Temperature_of_Coldest_Quarter,WorldClim2_BIO_Mean_Temperature_of_Driest_Quarter,WorldClim2_BIO_Mean_Temperature_of_Warmest_Quarter,WorldClim2_BIO_Mean_Temperature_of_Wettest_Quarter,WorldClim2_BIO_Min_Temperature_of_Coldest_Month,WorldClim2_BIO_Precipitation_Seasonality,WorldClim2_BIO_Precipitation_of_Coldest_Quarter,WorldClim2_BIO_Precipitation_of_Driest_Month,WorldClim2_BIO_Precipitation_of_Driest_Quarter,WorldClim2_BIO_Precipitation_of_Warmest_Quarter,WorldClim2_BIO_Precipitation_of_Wettest_Month,WorldClim2_BIO_Precipitation_of_Wettest_Quarter,WorldClim2_BIO_Temperature_Annual_Range,WorldClim2_BIO_Temperature_Seasonality
BHZ,2833.983398,597.0996704,0.051432613,107.0167313,42795.32031,264.98349,193,228.9834747,19945.24805,30480.41602,11,475.0831604,2897,2.91016531,3059.983398,-236.0497589,19269.61914,19966.08594,25936.2168,-1003.115845,10515.15918,9445.000977,18165.64844,134,2674,2674,2980.016357,2980.016357,2599.000244,-1796.148682,2500.597412,1721.083984,8492.814453,1125.182617,826.0005493,41,13,41,332.0501099,138.0167999,332.0501099,79,25,460.9831848,11907.01367,3688,1131,693,117,1363,1937,24230,4830,12228,23474,5087,1676,511,16348,7734,174,1075,24070,11.5150919,28.77063179,35.01149368,11.81591225,-1.135454535,3.479494572,24.60333443,24.60333443,-6.057857513,41.0693512,1042.07373,14.33732796,16.89513779,30.65472794,6.05793047,2.148741961,8.108412743,26.69747734,26.69747734,-5.201329708,35.85605621,1039.811035,139.6703033,147.7091827,144.4526825,145.6655579,140.2221832,147.4293823,235.5636749,221.8584442,209.3745728,211.9056244,209.6317749,203.4203491,259.5420532,207.4763794,229.5077972,221.9570313,250.6408997,214.4096375,90.88422394,183.236084,98.2579422,115.5458984,93.80296326,137.0933075,1808.668091,957.3256226,779.0737915,644.2262573,875.4373169,862.1617432,100.6874695,42.58840942,65.45748138,44.81978226,85.4661026,39.05302048,167.306015,98.66152191,106.5557938,71.64102936,126.6943588,70.80393219,23.75789261,348.8130188,387.223999,361.8510132,358.9795532,351.4385681,364.6072083,391.7083435,405.3288574,408.4830322,419.1575623,397.7188416,420.9405518,81.36103821,81.64730835,81.43725586,81.83294678,81.5971756,81.9336853,7.849999905,81,31.61040878,30.89999962,14.98333359,-7.550000191,-6.116666794,22.08333206,22.08333206,-16.5,81.81555176,5,1,5,49,19,49,47.40000153,1203.326782
BYD,2869,5016.882813,0.445589334,119,51552,304,221,257,25678,37614,126.9832687,4916.882813,2943,2.779834747,3049,-116.2002182,17129.40234,16324.86621,21962.94922,-586.1834106,9933.500977,8939.950195,15749.91699,109,2723,2723,2999,2999,2656,-1318.266846,2673.833496,2670.966553,8411.899414,8238.833008,1143.016479,100,25,100,3478.949707,1557.983032,3478.949707,63,37,393,10787,4842,1125,655,69,1816,768,261241,-1919,36630,24763,2249,1334,1677,19888,8430,426,937,123687,14.94568825,27.70898056,33.92378235,9.661966324,2.162096739,2.162096739,26.89788628,26.89788628,-0.945657551,34.86944199,993.3312988,13.55326748,15.32783794,29.33920288,4.461136341,1.539983749,1.539983749,24.87456703,24.87456703,0.234405518,29.10479736,935.6914673,132.3482666,139.5308533,136.5546875,137.9408569,132.0976715,138.4168243,186.767395,185.3707886,196.8983307,194.5901031,193.5653076,196.3216858,359.1408386,367.4898071,357.5505981,374.6149597,356.4398193,374.9888,126.9622421,156.7238617,127.2303772,133.2512665,126.3850403,145.5270691,2070.665527,636.1119995,979.5579834,731.5134888,1069.53894,754.5924072,256.7404785,77.90188599,126.4085846,98.84817505,139.7980042,77.94699097,213.2673187,68.82445526,144.4218445,105.6922226,172.800415,90.20879364,30.93772888,206.3204193,206.9225311,210.2233887,199.0999451,206.0384369,205.2348633,434.5751953,425.5558472,432.1775513,426.2481689,437.553009,419.7044983,77.00379944,78.94060516,78.30140686,78.23439789,78.04732513,78.77415466,12.8708334,479,26.56378555,31.10000038,10.75833321,-1.449999928,-1.449999928,25.78333282,25.78333282,-9.399999619,136.2370605,15,4,15,360,165,360,40.5,1106.214844
BYGL,2838.983643,1024.134399,0.100965045,80.01644897,43994.39453,273.983551,201,237,20244.07813,31214.71094,23,971.1509399,2904.983154,2.469499588,3031.983154,-146.3977966,15944.77734,16516.66602,25650.46289,-797.7444458,8792.478516,8581.381836,17682.78125,101.9667587,2680,2699.983643,2973.983154,2973.983154,2619,-1414.140869,1619.844727,1526.950439,7946.933105,1903.251953,902.03302,52.98348618,13,43.98348618,604.0838013,254.0336761,604.0838013,79,28.98348618,412.9832764,11423.93555,4759,1148,1375,167,815,776,293523,356,41977,28719,2384,975,1465,20828,8576,412,612,175190,11.47646713,23.5026722,31.82535362,8.439359665,-1.538341522,-0.854308724,24.11584854,24.11584854,-4.082732201,35.90808487,1027.471558,11.92053509,12.79837799,25.41173553,3.649230242,0.951408982,1.552134633,21.97810555,21.97810555,-3.101490021,28.51322556,872.7302856,139.187088,151.6662445,144.2394714,148.163681,140.5483246,150.8660736,185.6173706,160.9859467,158.0171967,151.7349854,156.6037445,149.5180817,127.6001587,190.1701965,162.7450867,169.5399323,139.6451874,190.1062927,154.3663635,181.0077667,169.3126221,173.0234985,165.1485596,169.909317,2807.049805,520.8126221,977.7789307,643.9680786,1298.191162,462.8389587,154.6777649,53.57170105,90.75525665,67.15063477,129.4391632,40.83718872,196.372757,82.24331665,140.0960083,79.54161072,151.9811707,54.50483704,28.18215752,390.9745483,381.9674072,371.6764832,372.510437,384.1409607,389.2241516,481.37677,428.0411377,465.6798096,457.8184509,476.2278748,420.6035156,80.73022461,82.65602875,80.93582916,81.90561676,80.83953857,82.65602875,9.983333588,68,27.54268646,30.5,12.36666679,-6,-2.583333254,23.38333321,23.38333321,-14.39999962,86.36602783,4,1,4,42,17,42,44.90000153,1202.811768
BYSC,2844.983154,2010.496582,0.178802103,133.0334473,43256.58984,298.9500122,205,250.9665527,18178.99805,29571.29492,44,1957.513306,2900.983154,3.049831867,3024.966797,-254.1170197,15685.02148,14673.13477,23793.41992,-747.0998535,9111.380859,7806.682617,17735.53125,119,2716.983154,2727.983154,2960.983154,2960.983154,2634.949951,-1209.999023,2648.187012,2342.449707,10674.10449,3622.144287,877.9834595,52.98327255,11,50.01652145,1119.698242,417.8826904,1119.698242,62.01672745,20.98327255,390.0168152,9443.133789,4842,1048,665,71,1957,3104,1470473,1583,97372,28297,990,747,2741,24390,9076,864,604,842237,11.38570786,28.35795593,31.36960602,10.07416439,-0.259984255,-0.259984255,22.91891861,20.71159744,-4.155397415,35.52500534,918.3644409,10.82051373,15.20115662,25.10180473,4.174724102,1.261634946,1.261634946,20.81083488,19.52878189,-2.361395121,27.46319962,780.5880127,132.2157898,145.6125183,136.8312225,139.5723267,134.9408569,143.3754883,170.6911011,138.9567261,145.3230743,140.2055664,148.048645,137.7871094,159.9570313,220.2643738,192.4268494,190.4298859,162.8653564,202.8810425,161.7581787,195.2289429,163.8869476,175.7728119,160.6194916,184.255249,2476.450195,595.5527344,1055.10144,829.862915,2132.373291,616.3615112,245.5268707,65.42922211,104.9736099,77.77516174,124.6137009,56.94252396,211.576004,47.58578873,136.2000122,76.83264923,151.5802612,66.80902863,29.19647026,281.6105042,251.7796478,260.013916,256.7200012,278.8480225,250.2290039,558.3984375,527.9223022,547.5628052,552.9312744,558.3240967,546.802002,81.98989105,83.11236572,82.42589569,82.4465332,81.98989105,83.0223465,9.016666412,250,30.88235283,28.10000038,12.60000038,-4.383333206,-4.383333206,20.79999924,19.46666718,-12.69999981,97.19568634,3,0,3,144,65,152,40.79999924,1021.412415
CH,2899,11461.25,1.113961577,25.01644325,61219.49219,365,254,317,29285.98438,43433.05078,365,11461.25,2899,2.319663763,3046,33.033535,18892.02734,14646.03418,18841.06641,-241.899765,11660.47949,8605.100586,14265.0166,73.98319244,2782,2801,3007,3007,2728,-692.9163208,5252.714844,3360.033691,9232.966797,15593.2334,449.9996338,1555.08374,370.0335388,1546.10022,4829.032715,1778.049683,4829.032715,0,65535,318,8731.197266,5610,888,1843,99,842,,,,,,,,,,,,,,,,,,,,,,,,,,,,,,,,,,,,,,,,,,,,,,,,,,,,,,,,,,,,,,,,,,,,,,,,,,,,,,,,,,,,,,,,,,,,,,,,,15.80416679,1129,21.06256866,31,6.508333683,4.433333397,4.433333397,26.61666679,26.61666679,0.100000001,53.90076828,96,23,96,485,184,485,30.89999962,904.2537231
CM,2893,12347.78125,-99999,0,59118.96484,365,255.9667511,365,25974.00391,40868.96484,365,12347.78125,2893,0.789831877,3006,511.3900757,16113.48535,11537,19563.30273,-25.24687004,10251.2002,7061.899414,14646.18555,18,2797.999756,2799,2989,2982,2775,-370.6891479,5308.161133,3673.066406,8837.882813,16387.83203,412.9999084,2345.882568,444.9832764,1762.91626,4374.96582,1833.016479,5010.94873,0,65535,231,7537.835938,5843,1198,699,39,1331,,,,,,,,,,,,,,,,,,,,,,,,,,,,,,,,,,,,,,,,,,,,,,,,,,,,,,,,,,,,,,,,,,,,,,,,,,,,,,,,,,,,,,,,,,,,,,,,,,,,,,,,,,,,,,,,,,,
CMEN,2688,3792.046143,0.656511664,171.9671021,6411.958984,138,0,71.00028229,2.15E+09,1056.002197,108,2860.980225,2786,3.929835558,2852.016846,-185.0169373,12169.06738,4385.118652,26347.55078,-390.0338745,6947.368652,2455.034668,19928.45117,138,2587,2593,2791,2791,2502,-726.0170898,2101.284424,991.9665527,12277.55469,4138,1080.950073,90,26,79,2517.963867,977.9655762,2517.963867,244,222.032959,350.0167236,8016.249512,5472,975,1041,115,1509,807,4856,3627,3884,14896,8155,3726,203,8903,5587,60,2742,3703,-2.088814974,34.98384857,14.85064697,10.69791603,-8.910935402,-7.436607838,4.514050484,4.514050484,-15.7289381,30.57958412,533.8929443,6.232496262,39.36264038,16.37180901,11.07821751,-0.131956488,0.347351193,10.72735119,10.36882973,-11.77218056,28.14398956,450.9632263,122.8712158,144.1973114,131.9017029,138.9489746,128.3950806,143.4662628,194.3569641,171.8681183,180.573822,176.4432068,176.0143738,164.6199341,165.9197998,176.080246,161.2677002,175.885498,158.3784485,178.8220673,212.4713135,329.4724426,225.013382,278.8063965,203.4295197,325.0861206,2140.074707,651.7824097,1271.864624,987.710083,1534.091675,717.6678467,152.4556427,81.43919373,116.54039,90.07461548,161.3352966,83.0190506,168.2620544,77.75819397,114.2823792,113.8422928,138.5802155,67.65162659,21.88905334,466.4064636,443.9027405,460.4273071,450.287323,461.9610901,446.6321716,367.4173889,379.863678,378.3372498,373.7787781,379.8902893,374.4833374,76.1055603,74.91155243,77.17861938,75.68528748,76.97142792,74.99195099,-4.574999809,245,37.82924652,12.60000038,13.88333321,-15.1833334,-14.10000038,5.650000095,5.650000095,-24.10000038,111.2360458,4,1,3,164,63,164,36.70000076,854.0239258
CYH,2850,4417.633789,0.384569466,136,45021.92578,297,206,247,20131.46094,31460.61133,104,4289.583984,2898,3.159999371,3036,-229.8685608,14970.96875,14579.11816,22409.15039,-522.8527832,8801.294922,7996.016602,16249.13379,124,2717,2717,2974,2957,2643,-1062.787354,2651.669922,2602.883057,9200.983398,7388.467285,897.9667969,128.0495758,35.01652527,128.0495758,2536.767334,985.8835449,2561.734131,67.03325653,51.99979782,393,9963.415039,4762,1168,512,50,1793,1479,742232,1910,59664,29094,2302,859,2144,21395,8716,670,566,447710,12.21068382,22.06739807,31.16962242,7.332337856,-0.350011617,-0.350011617,24.35347557,21.96922112,-2.057393074,33.22701645,980.159729,11.53242397,10.92141151,25.8923378,2.934156895,1.703992963,1.703992963,22.38591766,20.67079353,-0.973758101,26.8660965,845.1082764,133.9612885,150.1736603,137.2354584,147.522049,133.1312103,147.9455261,194.874115,154.5286865,182.0688171,171.2557983,185.7884827,163.4653473,198.9658966,205.8404694,220.0412445,229.4311066,235.2438812,218.2401428,78.44955444,98.43515778,82.37503815,82.18214417,76.28108978,87.1822052,1253.82312,408.2528381,769.7355347,553.8734741,815.0980835,456.4397888,81.94937134,25.39267921,62.39403152,39.48923874,70.72119904,30.40854073,176.6322021,34.10081863,133.7357635,87.37385559,140.6429901,51.70552444,28.74461555,383.0346985,386.3028564,370.647644,364.1819763,369.0954285,364.749939,418.0076294,407.928009,409.3461609,406.2718201,395.6521301,416.8012085,78.88922119,82,79.84410095,81,79.72415924,81.82339478,10.34583378,436,33.15304565,29.29999924,13.79166698,-3.300000191,-3.300000191,22.46666718,20.79999924,-12.30000019,105.2903976,12,3,12,272,113,280,41.59999847,1047.302734
DGHHQ,2815.966309,2566.796875,0.251543909,165.0504608,32339.23047,295.9660645,176.9328156,234.9663391,8796.986328,19093.51563,58.9667511,2530.796875,2870.966553,3.829500198,2957.999756,-307.2376099,14526.3877,9152.52832,24848.91602,-710.1359253,9168.241211,6005.59082,17955.20508,126.9832764,2717.966309,2717.966309,2900.966309,2900.966309,2626.966553,-1112.716553,3175.359375,2670.143555,9791.328125,4545.02832,965.9666748,36,10,36,1503.265015,545.7161865,1503.265015,62.0334549,15,331.0332336,7131.219238,4255,906,1244,192,1760,4616,1122636,3748,80828,29537,1715,859,3409,24200,9048,997,539,898155,8.758491516,31.78242874,25.892519,9.79876709,0.022853883,0.022853883,17.78514862,17.78514862,-4.938250542,30.83076859,707.9877319,8.477612495,20.49417114,20.16074371,4.874764442,2.066484451,2.637598038,15.25647449,15.25647449,-3.625356913,23.78610039,539.6641235,128.1414948,144.0549164,132.7796021,137.6649323,128.2119904,141.4385986,141.755127,104.8078918,110.5327682,110.7919769,113.1707687,105.0697479,184.9602356,209.0209503,205.7517242,214.6735535,194.8347931,199.9875793,165.7638397,203.6831512,155.9464111,172.7683716,149.5390472,183.1215057,2321.822998,619.7653809,1067.170288,918.8403931,1351.157593,699.9038696,259.76651,50.85404205,109.7483673,86.44437408,123.1397247,51.97686386,251.5087433,52.77630615,155.3454285,93.6428299,158.0416107,71.96624756,34.11385345,347.5042419,330.1465759,332.7453918,323.4625244,336.0625916,331.9263306,467.6503296,460.503418,461.3277893,461.8458252,469.0977173,467.9837952,80.30130005,83.04636383,81.49475098,82.7375946,81.49475098,83.1547699,6.616666794,397,36.24472427,24.5,14.3166666,-5.050000191,-5.050000191,16.98333359,16.98333359,-15,97.79428864,4,1,4,234,89,234,39.5,896.9122314
DLQ,2765.950195,4945.746094,0.592065215,215.7833252,17658.40039,233.9498901,90.9006958,166.9166565,1077.533081,7639.944824,191.9320374,4821.762207,2810.967041,4.12950182,2886.950195,-46.30406952,14973.41992,5590.705566,28860.8457,-538.0457764,9391.358398,3837.787842,22448.82617,124,2685.916992,2685.916992,2843.950195,2843.950195,2586.900391,-1104.716797,3328.931885,2145.901123,15371.00879,8140.237305,1225.915405,62,20,62,3603.782227,1379.459473,3603.782227,129.0498352,52.00007248,300.0498352,6288.370605,5016,1078,1910,244,1798,1797,983262,2782,75122,29407,1853,802,2630,24104,9042,788,552,680297,4.60255146,28.9979744,18.71731949,6.510379791,-1.371724606,-0.517973542,11.71963596,11.71963596,-3.733833313,22.4511528,531.1370239,7.263486862,12.58330631,13.70464516,2.007665396,0.252601147,0.252601147,13.42676735,13.41284084,-2.250346184,15.95499134,569.0185547,131.2489014,148.3757019,142.1794434,147.2848206,134.5526581,149.2741089,136.1145935,95.60037994,112.4584732,96.9732666,110.6351395,98.54927063,220.3631134,272.681488,267.5046997,271.7729187,238.4201965,280.2167053,124.7713852,208.5281677,105.7504044,138.6317902,101.3690033,194.1390991,3466.17334,842.1586304,1842.904663,1326.181519,2541.135742,974.4395142,246.6111298,56.49054718,135.2528229,72.1396637,158.2832489,57.95986557,320.1867371,64.05527496,198.4832458,109.1268692,292.0244446,70.72000122,50.21208191,373.9611206,399.6336975,352.6117249,355.4936218,366.7376709,367.3566895,405.8006592,327.864502,379.8015442,372.7717285,394.6483459,352.4690857,71.36695862,75.35392761,71.55396271,74.70475006,71.54342651,75.24633026,4.9375,414,44.57186508,19.20000076,14.57499981,-3.683333397,-3.683333397,12.61666679,12.61666679,-13.5,128.6864624,3,1,3,305,117,305,32.70000076,661.7027588
DTH,2909.999756,15963.23828,1.493306041,0,65313.92969,365,270,365,31645.86719,47063.92969,365,15963.23828,2910,2.339999914,3052.983154,917.1621704,19311.37109,15772.97852,18793.05078,184.4789276,11128.97949,8910.728516,13402.61816,71.98319244,2799,2817.966797,3013.983154,2955.999756,2747.983154,-557.6369019,5192.924805,3622.729736,8753.036133,19199.54883,441,2175.286377,449.0506897,2121.269531,5571.907715,2260.33667,6330.841797,0,65535,305,8343.631836,6716,980,722,62,1246,,,,,,,,,,,,,,18.01669121,26.69257736,33.97859573,8.659012794,6.338392735,8.31562233,28.70518112,23.00527954,1.538817286,32.43977737,867.3978882,17.06134224,21.3423481,31.21437263,5.84276247,7.135844707,9.135991096,26.13017654,20.73190308,3.837992668,27.37638092,755.3790894,,,,,,,,,,,,,,,,,,,,,,,,,,,,,,,,,,,,,,,,,,,,,,,,,,,,,,,,,,,,,,17.26250076,1279,21.35416603,32.20000076,6.491666794,6.283333302,6.283333302,27.73333359,21.63333321,1.799999952,50.34436417,159,44,159,426,212,558,30.40000153,871.9599609
FY,2755,7333.12207,1.07857275,49,29446.0332,211,148,183,11246,19584.9668,186,6051.473633,2885,1.789832592,2987,488.9971924,13513.86816,9818.620117,20197.23438,-72.53430176,6539.700684,4423.233887,13081.56934,93,2546,2546,2934,2934,2467,-574.6674805,556.7008667,366.0333862,5023.652832,7861,837.0167236,388.8661499,108.9664459,388.8661499,4090.960205,1725.580688,4090.960205,176,501.8494263,520,15047.13281,4917,1148,1203,149,2045,1201,581985,2189,58659,28629,1971,1006,1998,23960,8962,645,623,361236,4.365161896,12.51816273,23.51557732,4.619711399,-10.36739731,-10.36739731,18.77475929,17.20889282,-13.38849354,36.90407181,1138.058228,4.649346352,10.47241306,22.03066444,3.882626295,-8.508131981,-8.508131981,17.79697609,16.43993759,-15.044137,37.0748024,1005.66864,115.9859543,143.4359283,128.4246368,134.2145691,121.0999527,140.6313629,287.1899109,218.2762604,244.302124,242.4324799,251.568985,239.0844574,271.8895874,287.9449463,274.4115295,277.0478516,258.5206909,269.0538635,102.0317612,166.1902618,108.4802628,134.5187073,104.704277,157.986084,8592.02832,3849.798584,4130.830078,3560.77832,4794.946289,3294.255615,719.2602539,683.7227173,533.3152466,472.5936584,535.6119385,423.244751,472.7021179,71.73051453,229.517746,143.7673187,312.1591492,83.48397064,65.35150909,281.7523193,296.6345825,280.9354248,282.4055481,285.4487305,295.2897644,446.3419495,415.4401245,444.5622253,440.5186462,455.8269348,435.7411499,62.18405914,64.68331909,62.5184021,63.30594254,62.33160019,63.67037964,1.620833397,684,19.87058067,26.39999962,10.49166679,-19.01666641,-19.01666641,19.5,17.93333435,-26.39999962,84.21524048,34,9,34,371,149,378,52.79999924,1560.750732
GEMH,2752.949463,1753.489258,0.235372216,133.9994354,16934.10742,211.9162903,84.89969635,157.9160004,1445.524414,7654.512207,51.03331757,1529.421265,2817.949951,3.53949666,2892.966309,-240.8920441,13330.62402,7211.257324,27839.44336,-671.6748657,8124.200684,4209.425293,20261.8125,113.9997177,2652.899414,2662.899414,2846.966309,2846.966309,2571.91626,-1105.059448,2657.219971,1565.927734,11704.7793,3184.826904,891.9990845,95.03387451,26.01679802,83.01735687,1044.286255,403.1177979,1044.286255,149.0503998,87.06747437,321.0500488,7616.37793,4336,1067,954,136,1499,1998,12748,2075,7219,18098,6943,4315,353,10976,5755,92,2386,8177,2.988503218,36.84782791,23.50502205,12.72425747,-4.455336571,-3.794837713,11.30178928,11.30178928,-11.02688503,34.53190613,631.1009521,12.11033535,30.51076889,22.69403267,9.170287132,1.858438253,1.858438253,19.97684479,19.97684479,-7.361869812,30.05590248,725.7452393,130.7620697,146.8884735,136.3416595,141.5510406,131.944458,146.5812683,181.3521576,163.3429871,162.8823547,157.2251892,159.2084961,156.2139587,116.2370605,107.9562607,92.85056305,105.2948761,100.665184,105.1166077,268.4814453,282.7796326,270.2753601,274.5958252,279.6587219,280.2652588,1210.289551,670.81427,729.6518555,596.0534058,889.6116333,687.6381226,83.85604858,47.54354095,77.84843445,49.14847565,84.52474213,48.4124527,168.1353149,83.99674988,120.0251541,74.15414429,140.3642883,49.00335312,23.95398331,558.3215942,647.2921753,627.6744385,629.3997803,601.3793945,625.4841309,325.8023376,244.7752991,279.4096985,265.3712463,297.9089966,269.0532532,81.60388184,80.24308777,82.09712982,81.16225433,82.09712982,81.18983459,2.491666555,81,35.61928558,21.60000038,14.28333282,-9.633333206,-8.933333397,13.88333321,13.88333321,-18.5,95.63355255,3,1,3,54,21,54,40.09999847,960.2954712
GN,2728.866943,8590.000977,1.15255177,139.9999237,14222.74609,193.8833771,57.71707153,142.8336182,480.5932007,5723.899902,162.8333282,6989.821777,2814.916992,3.72916913,2887.900146,397.3095703,12263.21582,5205.436523,24397.43164,-60.5619545,7457.369141,2982.720703,18217.04688,149,2608.833496,2618.833496,2833.900146,2833.900146,2487.833496,-521.0825806,2351.93335,1009.384644,12237.00488,6194.31543,831.0167847,226.1339264,45.00035858,219.1339264,4509.259766,1579.203613,4509.259766,198.1502228,413.850708,400.0665588,8877.081055,5913,1088,1346,141,1776,574,111049,3447,26219,27527,2979,1193,1244,20301,8579,338,698,84007,2.796756744,33.60560226,14.6081295,7.375260353,-2.271962881,-2.02556324,9.329174042,8.954674721,-7.33839035,21.94651985,471.6112366,3.400221586,28.09378624,13.51381969,5.292526245,-0.752239108,0.54108876,8.954691887,8.59327507,-5.324959755,18.83877945,386.0474243,113.9113007,130.5021973,125.8030624,125.4857407,117.6487198,129.2055511,277.6183167,214.4749603,226.1774597,220.5145264,238.0050507,222.3312836,212.9007874,206.7324677,225.890152,227.6308289,225.240387,211.0042419,167.0380249,230.4156799,174.1733856,182.2542419,165.2664337,206.6791534,4352.803223,871.6141357,2489.35083,1663.477905,3315.145996,1173.436035,710.336853,269.9873047,554.4348755,268.9047546,547.5413208,227.036972,466.4079895,66.84430695,234.7677307,153.8482208,402.0962219,75.06019592,84.28310394,296.8136902,298.74646,291.2603149,290.8052673,296.5339966,301.721283,490.3579102,494.6280518,482.8281555,481.5186157,478.2479858,487.2472534,68.49785614,69.82606506,69.35678101,69.18754578,69.30191803,69.12608337,1.012500048,713,41.66666412,16.10000038,14.875,-8.283333778,-8.283333778,9.316666603,8.816666603,-19.60000038,87.84884644,15,3,15,375,135,376,35.70000076,715.7930298
GT,2829.983154,1182.866089,0.106501073,109.0002823,40591.90234,267.9832764,190.9667511,228,17732.18555,28211.95313,25,1107.866089,2886,2.930000067,3037,-178.9997864,16629.92578,16683.47656,24967.45117,-833.0827637,9283.578125,8412.680664,18208.59961,127,2681.983154,2681.983154,2964,2964,2603.983154,-1455.13269,2071.163574,1811.764771,9447.614258,2187.749023,781.9836426,75,23,75,628.9331055,236.9832764,628.9331055,81,46,433.0167236,10988.14746,3703,1106,706,115,1443,3933,1960913,2484,110692,29795,864,729,3473,25231,9150,1148,527,1252147,10.85651493,26.2455616,33.04888153,9.99605751,-1.080624104,-1.080624104,23.69044685,23.69044685,-5.037776947,38.08665848,1002.740417,11.45850754,12.70140171,25.78631401,3.682425737,1.155015111,1.155015111,22.03344154,22.03344154,-3.205963135,28.99227715,852.2614746,147.4121399,152.5192871,150.5630035,152.0967865,148.2289734,152.4852295,168.9016113,142.271225,145.2986603,138.1710205,149.9498444,135.4773407,198.5544891,193.2806244,201.6569672,194.5483398,192.496582,189.322113,107.8720932,155.7844086,107.6223602,112.0560913,108.7471008,130.5642395,1171.752686,601.4341431,804.0236206,664.0064697,886.9700317,573.9382935,114.51931,37.71590042,94.74315643,60.18956375,85.68870544,43.85382843,145.1580353,78.93759918,116.249733,75.8441925,119.2957916,60.12607193,29.80020332,366.8920288,381.6968689,360.5505676,362.9776917,373.9343567,365.6791992,434.5286255,425.1113281,437.8566284,442.6269226,433.5329895,445.0765686,83.8314209,84.03806305,83.5524292,83.96678162,83.647789,84.10801697,6.166666508,149,32.66518402,27.29999924,14.66666698,-8.149999619,-6.833333492,19.04999924,19.04999924,-17.60000038,105.0452652,3,1,3,99,38,99,44.90000153,1105.195068
HHG,2740.983398,4964.537109,0.690744996,112.9998474,18553.25977,193.933609,106.9505386,153.9504089,3327.404785,9880.241211,167.8837891,4130.446777,2839.016846,3.270000696,2922.950439,4.718349934,12143.37793,7219.338379,24706.29688,-289.3995056,6912.567871,3620.944824,17841.60156,127.0332413,2610.933838,2610.933838,2867.967041,2867.967041,2532.933838,-649.4865112,1535.865967,999.5702515,9055.435547,6933.319336,930.8324585,202.1165161,51.03339767,202.1165161,3012.94043,1233.945923,3012.94043,192.9014435,286.6874695,390.0166626,10057.34766,4511,863,1343,189,1787,665,106157,796,27163,28216,2546,1198,1015,20466,8575,251,670,60940,3.890222073,21.52973366,21.11223221,6.6895051,-5.016798496,-5.016798496,12.92803097,12.92803097,-9.95877552,31.07100677,717.4569092,4.424463749,15.25572586,16.07168007,3.732067108,-1.761134863,-0.10461197,10.85931873,10.85931873,-8.391706467,24.46338654,489.7498779,119.0016327,148.8800049,131.1935272,138.2986755,122.6071701,145.3219299,239.7818604,176.5305328,203.2831421,194.0469513,206.657608,181.5067902,226.3066864,228.9906616,232.1657562,233.6360168,226.1611633,235.7133331,217.0504761,306.9211426,249.894577,269.9921265,227.7446442,301.6856079,4898.520996,693.0444336,1695.707642,1252.209473,2584.605713,782.7394409,677.2709351,91.41936493,268.6830444,177.4287415,421.6236267,113.649704,385.3535767,41.9560051,217.6432953,110.9481812,298.8143616,62.25470734,54.98371124,358.4095764,380.6383972,349.4060974,360.5653992,354.2554932,375.3075256,415.4087219,390.4032898,418.5281067,406.0007629,419.8530579,389.2649536,72.70128632,77.36278534,73.79256439,75.9344101,73.56169891,77.53800964,3.533333302,248,30,22.60000038,12,-10.10000038,-10.10000038,15.6833334,15.6833334,-17.39999962,78.06150818,12,4,12,126,46,126,40,1055.675903
HHSJZ,2860,5668.118164,-3324.771729,70,47349.96094,330,212,257.9831848,21200.43555,32926.24609,304,5513.118164,2887,1.160163641,3002.966797,32767,65535,11785.69824,22848.06641,32767,65535,7091.748047,16137.0332,34.01644516,2739,2739,2977,2975,2708.016846,32767,65535,2732.016602,8169.898926,9127.167969,990.0332031,240.0168152,61,240.0168152,3305.117188,1536.083496,3558.116943,41,68,294.9499207,9386.987305,4670,1064,576,32,2157,,,,,,,,,,,,,,,,,,,,,,,,,,,,,,,,,,,,,,,,,,,,,,,,,,,,,,,,,,,,,,,,,,,,,,,,,,,,,,,,,,,,,,,,,,,,,,,,,12.86666679,773,22.27053261,29.39999962,7.683333397,-0.150000021,-0.150000021,24.89999962,24.89999962,-5.099999905,95.29891968,36,11,36,458,209,458,34.5,1031.222412
HHSX,2842.000244,3154.549805,0.283919126,142.9665527,41932.70313,297.0169373,202.0167236,246.0334473,17179.99805,28394.2832,73.86623383,3081.633789,2896.01709,3.119667292,3016.033447,-194.5488434,15234.29688,14036.14551,22788.76953,-610.7154541,8659.306641,7536.140137,16711.83008,119,2717.033447,2729.033447,2955.033447,2955.033447,2633.01709,-1029.597412,2092.220215,2388.368896,9570.389648,5484.573242,882.0673218,72.9159317,14.99971867,68.89948273,1743.241455,691.2797852,1743.241455,65.98327637,26.98299217,383.016449,9223.96875,4978,963,717,68,1706,3044,531446,3495,55403,24171,2110,1346,2761,22868,8920,926,1021,510011,10.68705368,31.43178749,28.30328178,9.839493752,0.715141714,0.715141714,20.7575779,18.87405205,-3.000996828,31.30427933,785.6064453,9.57507515,18.66248703,23.1271286,4.632688999,2.187780857,2.187780857,17.78447533,16.88839722,-1.696405649,24.82353592,628.3029785,122.1860886,138.0402222,129.7823944,131.7238007,125.9414291,137.4197388,154.2260284,129.3802032,138.463089,135.8377838,133.5447235,130.7354736,185.2203369,223.9178162,213.4198303,213.7284088,196.5290527,222.0548248,153.5243988,211.2659454,150.4698792,170.8471375,150.202652,188.5140381,3331.351807,507.499115,889.4189453,783.8763428,1170.599854,601.6192017,416.649231,59.55773926,127.0143814,82.72343445,157.3840179,62.09651566,282.618866,41.74214554,163.7705078,87.03830719,171.522934,62.2792778,37.48252106,348.4903259,333.8096924,333.1269226,331.28302,342.0969543,334.3856506,466.2433472,442.4054871,453.4345398,454.98703,461.3739929,443.7030029,81.16703033,83.96509552,82.60044861,82.99359131,82.16703033,83.67417145,8.875,379,30.61821175,27.60000038,12.21666718,-4.050000191,-4.050000191,20.26666641,18.93333435,-12.30000019,89.53930664,5,1,5,203,82,213,39.90000153,983.649292
HK,2975,20645.08594,2.105089903,0,88985.9375,365,365,365,52485.9375,70735.9375,365,20645.08594,2975,2.738496304,3041,1662.078003,18426.20508,13368.12207,21536.98438,273.3969727,13932.88867,10502.00684,16865.26563,38.96675491,2924,2924,3014.966797,3001.966797,2900,-808.5178223,9247.788086,7217.922852,11598.66504,21996.48438,678,1041.949097,221.9832001,1041.949097,8312.905273,3265.611572,9561.885742,0,65535,141,3531.853271,7493,1170,564,40,1905,1289,487236,2634,56028,24358,2013,1361,1908,21712,8694,640,952,336211,24.44234085,20.17891884,29.75806427,2.279930115,19.61936378,19.61936378,28.12657356,27.27796364,18.45948982,11.29857445,337.2529297,23.63437271,-1.156131148,27.89649773,-0.095054835,19.20896912,19.20896912,26.65872574,26.19996452,19.67469406,8.221804619,302.9015198,115.1047668,137.5036621,125.131752,132.1405945,117.6713409,136.4456787,155.4556122,102.5942459,107.1416321,102.3723221,115.7231827,101.8709412,287.0845337,320.2538757,327.2467651,332.953186,310.9851074,314.7327881,53.97930908,73.59455872,51.93299103,55.63306808,52.99997711,67.41860199,1906.169678,610.0003662,864.5592041,736.8218994,1302.326416,676.8723755,303.4962769,235.3340759,247.7549438,204.5735321,273.3792114,204.6533661,350.0004272,215.6102905,274.4705811,241.7297211,305.3424377,174.9732971,45.7569313,343.4537964,299.4795837,303.3343201,293.7813416,318.7465515,290.7746277,369.1260681,380.6713867,369.295166,373.3457031,370.1543884,394.5493469,57.50848389,58.91326141,57.80436325,58.05798721,57.48054886,58.50249863,24.38750076,1712,38.65740585,32.70000076,6.958333492,18.76666641,18.76666641,28.64999962,28.18333435,14.69999981,68.64299774,93,23,93,762,271,766,18,407.9334106
JSH,2826.016846,1302.866211,0.12038479,128,38779.73438,267.0332642,186.0332489,225.0332489,16174.33398,26485.90039,29,1261.866211,2893.033203,3.029832602,3024.033203,-213.9832916,16182.01855,15791.78027,25003.45117,-799.0003052,9049.050781,8012.971191,18131.23438,125.0167999,2686.016846,2686.016846,2955.033203,2955.033203,2610,-1381.01709,2241.933105,2014.217163,9717.051758,2399.765869,897.9332275,41,11,41,749.8994141,272.9664612,749.8994141,79,22,414.0332642,10461.50098,4224,1103,848,121,1742,4620,476054,3845,54665,29108,1958,933,2385,22616,8866,711,575,417054,10.39691067,25.27728271,32.78403091,9.762499809,-1.419186592,-1.419186592,23.18131256,23.18131256,-5.837605476,38.62163544,995.0950928,11.90049839,13.25370502,25.7529583,3.995991707,1.807783365,2.509376764,22.86672592,22.86672592,-4.397038937,30.14999771,846.2814941,141.2332153,154.6052399,142.5948792,151.9069366,141.6205139,152.9645538,188.5106354,178.9117432,177.229538,174.8096619,178.0297852,177.1549225,168.5061798,161.6212158,181.3485565,175.5470428,171.9484711,167.3087463,158.435379,220.0514679,154.1045227,180.26651,146.4581451,198.3288727,1220.527466,432.5750732,676.6738281,560.032959,822.9834595,469.9295044,87.37126923,36.58698273,85.08397675,53.90950394,81.39630127,33.80194092,148.6928711,42.54182816,99.10066223,73.19044495,111.2912903,47.37407684,22.74871635,481.5224609,474.6584778,484.000946,477.8417664,490.0357056,471.9623413,350.1031799,363.6647949,334.6099548,346.8522034,338.1251831,360.5253296,82.96749878,83.01313782,83.72766113,83.10901642,83.14190674,83.21070099,6.287499905,150,32.88341141,26.29999924,14.00833321,-7.383333206,-7.383333206,18.48333359,17.29999924,-16.29999924,95.67267609,1,0,1,89,37,92,42.59999847,1050.197266
KS,2858,883.1165161,0.074375294,123,48920.23438,290.9665527,217.9832764,252,23604.95313,35358.73438,20,781.1165161,2858,2.870167732,3058,-153.5650024,17194.42969,20860.24805,26888.0332,-856.6773071,9272.839844,10187.33105,18210.33398,120,2706,2721,2988.966797,2988.966797,2640,-1605.606201,1753.880737,2032.932983,8735.382813,1648.216309,471.0337524,102,22,81,347.0502014,120.0167313,347.0502014,71.01673126,43,418,10995.49805,4295,1155,1404,196,833,2953,2040911,704,111219,29813,1072,659,3677,24551,9089,1098,518,1153931,12.45295429,23.01654625,33.71364975,8.409693718,-0.082218796,0.94847697,23.76484489,22.49451447,-2.823952913,36.53760147,945.6211548,12.26665974,9.570754051,24.29294205,2.463585138,0.443441451,1.860553145,21.79952621,20.97636795,-1.447821379,25.74076271,874.2994995,139.3925018,150.579422,148.4230804,148.5662994,146.5809631,149.5606689,158.4235535,128.198349,145.3503723,134.6440887,148.3981018,130.2082062,246.6222382,226.9155121,253.9762421,264.1463318,253.5763245,246.8934937,110.3750381,141.032196,113.5493317,127.3233185,107.3791428,133.4707642,1945.999634,539.3813477,922.7491455,593.0435181,1262.683716,516.2325439,127.1182785,41.63989258,86.77780151,60.49466324,108.5513611,51.7171402,210.8117828,55.48777008,138.7859955,81.5343399,149.5088043,63.29994583,33.08190536,292.9768677,322.090332,287.230835,285.8688965,283.9616394,298.6901245,460.5370483,450.98349,458.7288513,449.8245544,462.4477539,454.5481567,79.9984436,81.18475342,80.26806641,80.81996155,80.24524689,81.0233078,11.71666622,97,29.71183777,32,12.71666622,-3.100000143,-1.516666651,24.06666756,19.36666679,-10.80000019,51.52189636,10,2,8,35,16,36,42.79999924,1102.965698
LTH,2807,5553.235352,0.558455229,169.9666748,31900.10742,264.9671021,174.0000763,222.0000763,9803.543945,19735.04883,142.86586,5309.403809,2864.049805,3.369999886,2965.050049,-103.8082581,13847.98633,9407.266602,22703.52734,-394.4552612,8423.65918,5301.141602,17588.98828,128.016449,2683.033203,2683.033203,2910.033691,2902.016846,2584.033691,-669.4718018,2813.297607,1720.351196,11681.23145,8972.908203,800.050415,146.9156342,35.96639252,146.9156342,2825.218994,1034.378418,2836.185059,90.01609039,81.03146362,381.016449,8818.205078,5380,1035,1054,110,1964,1449,321698,4193,47487,29249,1655,838,1956,24188,9045,600,569,320348,8.732622147,27.44838524,24.47506332,7.443129063,-0.126709744,-0.126709744,17.69110298,16.14427376,-2.641756773,27.11681938,694.1974487,7.519940376,20.51702499,19.74783897,4.289691925,1.59677577,1.59677577,14.90521336,14.31258583,-1.160123587,20.9079628,538.0426025,124.8624725,137.9378662,133.3623199,134.907486,126.6265564,138.0648804,213.5513306,167.0539703,171.8277588,173.5368958,179.6360321,171.0215759,212.0884552,219.5844421,215.8426819,211.4538116,208.0768585,222.691864,127.4405518,186.968277,143.4487762,146.8365936,133.0702209,149.1121368,3063.645508,450.9784851,1071.417358,786.300415,1286.284424,553.9793701,351.1800537,47.05619431,117.6018982,85.25783539,141.9593506,61.21289825,402.8632813,47.64126587,170.8767242,95.02059174,240.2498779,70.1208725,45.81994629,274.3791199,268.0158081,265.3433838,264.6722717,277.3471069,269.3089294,513.3746338,512.6012573,518.5615234,523.7745972,514.3303223,507.9488525,78.11968994,79.64333344,79.29641724,78.78063965,79.5610733,79.64155579,6.795833588,503,31.439394,24,11.75833321,-5.049999714,-5.049999714,17.26666641,16.25,-13.39999962,85.81166077,8,1,8,256,99,271,37.40000153,900.1526489
MMGS,2787.983154,4056.301025,0.490245372,61,35084.85156,226,167,198,15317.77051,24469.23633,98,3877.301025,2905,2.059999943,3010.983643,-96.81723785,17147.44922,12455.81641,21991.0332,-558.3853149,8842.204102,6072.883301,14842.08203,102,2595,2595,2958.983154,2958.983154,2516,-1327.036743,1232.588989,753.949707,6210.148926,6859.435059,1166.033203,71,17,71,2915.234131,1275.116943,2915.234131,137.0167389,91,494.983551,14122.13574,4054,960,1487,226,1922,786,78053,-1409,23098,21346,3222,1795,500,16535,7811,174,1290,33542,7.241541862,15.53148365,30.02253532,6.930528641,-8.044019699,-8.044019699,21.91625595,21.91625595,-14.59991646,44.62245178,1188.617065,9.120696068,13.38765621,24.99337769,4.881623268,-2.009636879,-1.470628619,21.65517807,21.65517807,-11.47023582,36.46361542,943.8531494,126.8253632,145.5151215,137.3567963,137.7510834,131.9075012,142.1947174,252.1538391,192.4807587,222.1768036,201.9212494,232.1555634,195.5969696,263.1296692,224.5267944,226.2874451,239.1253357,262.532196,232.2736206,117.1343536,200.2519073,122.8611755,160.044632,115.5798264,182.6988373,3382.442871,585.4909058,1590.912964,1096.547119,1841.396484,720.9962769,468.0058594,170.3833618,243.6527863,214.1964722,330.6479187,203.3571014,281.4259033,51.09708786,170.3501129,105.0196152,216.101181,69.90575409,40.18919754,438.4931335,492.3406372,461.6037292,449.5951843,439.3242493,461.9424438,298.3314514,283.2332458,311.9526672,311.2588806,298.1127014,305.427948,78.39261627,80.7387619,79.30503082,80.81430817,79.08807373,80.6319809,5.275000095,455,22.70341301,28.79999924,11.53333282,-13.80000019,-13.80000019,22.5,22.5,-22,111.406601,8,2,8,305,142,305,50.79999924,1473.064941
MMS,2968.983643,18611.98828,-1650.951294,0,86612.01563,365,365,365,50112.01953,68362.01563,365,18611.98828,2969,3.449666739,3041.016602,1435.449585,17022.98633,12839.4873,19980.91797,249.9644012,12418.1416,10529.73633,15750.91797,60.98347473,2906,2920,3018.016602,3012,2865,-770.6199951,7927.211426,7149.919922,11549.98535,20884.13672,733.0499878,1073.083252,261.9998169,841.0161743,8873.103516,3037.551514,8923.538086,0,65535,176.0166321,4449.184082,6931,1301,1318,118,1528,1577,149215,1439,23894,19588,4047,2299,875,17014,7837,306,1580,163156,24.78465462,34.08603668,32.47530365,5.868182182,19.04840851,20.90981483,29.18631935,29.18631935,15.25950718,17.21579552,416.6410522,23.01168633,11.16846943,29.41151237,1.371374011,17.46209908,19.10572815,27.18623543,26.78756905,17.13253403,12.2789793,388.3307495,,,,,,,,,,,,,,,,,,,,,,,,,,,,,,,,,,,,,,,,,,,,,,,,,,,,,,,,,,,,,,23.44999886,1907,33.58974457,32,6.550000191,16.89999962,18.38333321,28.58333206,28.58333206,12.5,73.55511475,106,22,101,897,322,897,19.5,484.5194397
NSS,2961,19450.11133,-1678.886353,0,83884.49219,365,365,365,47384.49219,65634.49219,365,19450.11133,2961,2.729492188,3036,1742.598022,18519.44922,13363.71582,19493.73242,204.1960144,13648.83105,10506.79785,15234.81641,49.98347473,2893,2908,3016,3016,2852.016602,-932.4893799,8871.537109,7022.149902,11287.86719,21360.17188,699.9834595,1335.251709,303.066864,1110.151123,9180.290039,3440.552734,9180.290039,0,65535,183.9834747,4848.147949,6058,1294,1390,146,1423,,,,,,,,,,,,,,,,,,,,,,,,,,,,,,,,,,,,,,,,,,,,,,,,,,,,,,,,,,,,,,,,,,,,,,,,,,,,,,,,,,,,,,,,,,,,,,,,,22.78333282,1805,28.1553421,32.09999847,5.799999714,15.58333302,17.33333397,28.75,28.75,11.5,72.48409271,116,32,103,868,292,868,20.59999847,544.8867188
NYH,2752.61084,5565.468262,0.742444158,105.7480621,18634.78516,207.6283112,110.4886093,164.6118011,2389.922852,9339.112305,184.577713,5085.932617,2830.814209,3.238142729,2899.729248,-196.881958,14828.68848,5755.17041,29675.43164,-537.9358521,9870.088867,3209.779541,22658.68945,116,2640.526611,2644.526611,2855.695801,2855.695801,2541.510254,-1068.312134,4057.129883,1041.62085,16478.43359,7698.422852,978.8329468,121.2876358,30.08432961,120.2879181,3389.736816,1237.693359,3389.736816,160.9703827,142.8594971,358.2191772,8656.600586,5447,1072,1676,186,1728,2829,2266242,1280,123844,29781,867,627,3492,25363,9144,1131,522,1270643,6.245312214,25.47048759,17.61111069,4.445957184,0.579050899,0.653675854,12.5574522,12.5574522,0.155782893,17.45532799,478.7281799,6.205483437,1.060735464,13.9839859,0.149520755,0.771215737,1.350214839,12.12927246,12.12927246,-0.111964986,14.09595108,469.6057739,115.4968109,141.331604,132.4662018,138.6054688,120.7804413,139.9670563,209.5510559,179.829361,175.3108826,171.2090454,183.6720581,174.2148438,118.9163742,96.42553711,93.46559906,94.61546326,96.60630798,91.14513397,186.0328369,298.5021362,233.4449158,246.2809906,218.8435211,253.2982788,4590.71875,826.2670898,2029.790894,1400.519043,3201.487549,910.7605591,611.0823975,86.35858917,225.7787933,111.7207565,383.2598877,78.2947998,505.365448,59.43698502,234.3365936,133.8310852,405.3373413,74.39608765,84.55220795,526.6489868,602.2631226,536.1861572,539.7076416,544.2896118,549.8674927,354.557312,301.0839233,370.4092102,365.7095337,359.2576599,358.8389893,67.35962677,70.40838623,68.00417328,68.90232086,67.8007431,69.91571808,5.462500095,486,40.20419312,18.89999962,12.14166641,-3.083333492,-3.083333492,13.01666641,13.01666641,-11.30000019,105.0362244,7,2,7,305,115,305,30.20000076,655.0160522
PJS,2832,6569.949707,-1680.370361,75.03318024,41696.58984,266.9500122,193,228,18851.03906,29375.9082,250.9665375,6274.933105,2897.016846,2.040502548,3011.016846,189.0602875,15717.36133,11758.13379,21220.93359,-397.5045166,9275.045898,6673.234863,15374.93359,83.01673126,2679.966797,2679.966797,2970.000244,2970.000244,2605.966553,-924.989624,2460.768555,1750.88269,7789.01709,10297.93359,1071.983521,152.0000763,42,152.0000763,4289.966309,1834.983276,4289.966309,91.36804962,97.61878967,405.0502625,11335.87305,4464,991,1129,160,1826,3636,2097051,-655,122347,22907,697,1213,3578,20870,8634,1093,1186,925527,11.68844128,18.61199951,29.87837601,6.275331974,-0.924056232,-0.924056232,24.20162582,24.20162582,-3.838219404,33.7165947,999.2053223,10.82579899,10.67463779,25.69179153,2.991803408,0.165488213,0.165488213,22.41927147,22.41927147,-2.33542037,28.02721214,906.4951172,137.1631317,140.9490204,142.3225555,141.2279053,135.8661194,140.683609,227.784668,186.78685,206.1652679,205.8534088,211.4017944,198.659729,303.4839783,321.1806946,323.0878601,343.1077881,316.1375427,327.7175903,126.8966827,151.9015961,128.3535004,137.9464569,123.4078751,141.8878784,1792.961914,765.7490845,1204.208252,959.6950684,1073.770142,801.5296021,266.6587219,148.6638641,113.9004745,112.8496933,120.8673172,105.5955963,270.8825073,155.9710236,160.5131683,143.1510925,182.8782959,127.3514175,35.45792389,192.1252747,198.2423706,179.9135895,174.0695648,185.3512726,195.9190674,504.3853149,480.5831909,496.815033,482.8494568,498.5112,476.4155884,79.9631958,80.01669312,80.87503815,79.96213531,80.59143066,79.69631958,9.100000381,582,22.00803185,27.60000038,9.133333206,-6.733333111,-6.733333111,23.21666718,23.21666718,-13.89999962,111.3979111,14,4,14,383,169,383,41.5,1213.720825
PYH,2918.983154,18080.07031,1.736000419,0,68567.92969,365,280.9499512,365,34123.23047,50317.92578,365,18080.07031,2919,2.190000057,3056.016357,1439.350464,19048.40625,16624.53125,20160.76563,360.3165588,11025.7373,9587.78418,14254.17773,65,2807.983154,2874,3020.983398,2962,2759.983154,-652.9837036,5080.02002,3903.950928,9319.542969,20568.61914,511.983551,2594.150391,478.0333252,2067.150146,6393.484863,2937.184082,7743.401855,0,65535,296.0332642,8316.154297,6223,1122,1051,104,1212,,,,,,,,,,,,,,18.66429901,25.27042198,34.75296783,8.14943409,7.225892544,9.275453568,28.90807724,23.2357254,2.50406599,32.24890518,843.307373,17.54301643,19.44041252,30.63346481,5.02611351,7.781158924,9.732336998,26.72467232,20.67960739,4.779519558,25.85394478,745.4208374,120.5711975,151.5933228,142.4077148,147.5598907,127.9299622,150.6130524,200.1277771,161.7488098,165.1530762,164.8513336,168.2332001,167.7493591,316.9595032,356.8294373,339.1419983,353.6898499,327.379425,369.8519592,113.7033005,120.1911392,113.5921402,118.3481522,114.327713,126.5936127,2504.879639,624.4129028,1029.214722,689.7102661,1314.339722,692.5632324,274.246582,64.87985992,106.7604904,68.86981201,154.6168671,68.93115234,395.6129456,62.93478394,199.0922089,127.2977676,249.2601166,97.72967529,46.47192001,234.3809967,203.6279449,227.9856567,215.7060089,231.1104279,200.4506531,448.4221497,439.6975403,432.9767456,430.9013062,441.2741394,429.6509094,56.02850342,57.41746902,56.95392227,56.78401947,56.02850342,57.57208633,17.65416718,1578,23.89785004,33,7.408333302,6.666666508,8.800000191,27.88333321,21.71666718,2,58.4295578,201,42,165,537,284,732,31,867.1333618
QWC,2816.999756,2481.947998,0.238074005,132.9832764,35247.60156,270,179,224.9832764,12773.97266,22897.9082,55.01652145,2425.947998,2879.999756,3.159832716,2997,-252.18367,15145.55566,12527.40625,23035.0332,-671.3005981,8729.987305,6651.678223,17307.11914,123,2689.999756,2698.999756,2932.983154,2932.983154,2608,-1060.450684,2642.703369,1994.864746,10484.05371,4405.930176,895.0164185,56,12,54.98327255,1402.982178,516.9827881,1402.982178,78,27,389,9432.768555,4684,941,1065,148,2033,2279,314002,3046,40887,28864,2798,950,1635,21840,8738,504,589,240187,9.313594818,26.6194725,27.78013611,8.787342072,-0.530132115,-0.401869357,19.97372246,17.96023178,-5.230819225,33.01095581,821.2272949,9.763484001,17.79036522,24.59314919,5.058879375,1.657196522,2.004589081,19.51290894,18.24397469,-3.842913151,28.43606186,720.8123779,130.5154419,143.1146088,135.5411835,138.3648834,133.1231079,139.9729767,168.1940155,129.9854736,137.3577118,127.4676819,142.5274963,124.6735611,167.0032349,204.3768158,195.4405823,208.2350159,169.0256348,196.5477905,173.1393433,240.867981,178.5119781,185.1398621,163.8593292,213.9298706,2240.876953,542.8228149,1076.625854,897.0004272,1318.834473,624.5563965,153.1908417,35.44233322,93.88252258,62.32347107,99.2482605,42.65759277,194.4667053,42.99313354,145.1046753,82.63253021,144.875351,52.73805618,28.89470291,260.5913086,238.2302704,228.887619,222.3314056,249.102356,233.8718719,572.3061523,557.2869263,575.725647,569.473999,581.8022461,569.6044922,81.8279953,83,82.44155121,82.58854675,82,83.06619263,7.445833206,292,31.68296623,26.60000038,12.95833302,-5.616666794,-5.616666794,19.14999962,17.86666679,-14.30000019,94.83148956,3,0,3,166,69,173,40.90000153,1001.195801
REG,2740,9114.748047,1.19289887,125.0335312,16188,205,77,157,1056,7087,175,7826.480957,2820,3.520167351,2897,447.3329163,13156.20117,5515.967773,24865.18945,-75.85023499,8065.834961,3160.033936,18785.57227,135,2619,2619,2842,2842,2515,-509.8832703,2666.369873,991.1170044,12764.07227,6871,793.9996948,251.0665741,54,251.0665741,4513.814941,1597.249268,4513.814941,176,311.0501404,382,8809.830078,5423,1006,1329,149,1810,865,327368,1676,42391,27770,2568,1485,1452,22730,8788,433,796,192100,3.923518181,31.08265305,14.5358839,5.804660797,-1.071607709,-0.609608233,10.14475346,10.14475346,-4.139036655,18.67492104,457.9399719,4.015416145,22.96751976,12.38224125,3.464009762,-0.260377854,1.098358512,10.06591129,10.06591129,-2.699969769,15.08221149,419.4293213,109.575737,131.4407043,121.7166443,126.7415237,114.201088,130.7498779,297.2860107,209.753891,233.2071991,228.857254,244.6115265,230.9813538,147.0525818,147.5205231,138.0771332,155.3540344,135.5309448,151.034317,125.2372131,200.7897491,133.4732819,156.7259674,124.4051819,192.5063477,6216.936523,2342.262207,4059.293945,3677.981689,4466.376465,2875.424561,740.8966064,460.6089478,739.4561157,525.2580566,435.1351013,453.5850525,464.9692993,79.92723083,236.6195984,160.6286621,412.265625,89.93205261,96.70722198,476.2015686,466.9889526,475.5782471,469.5631104,483.7778931,488.541687,376.835083,385.3531189,386.276062,375.1278992,380.6100464,360.2804565,66.09134674,68.39723206,65.88134766,66.06671143,66.75337982,66.95838928,2.629166603,699,41.69020844,17.79999924,14.75833321,-6.466666698,-6.466666698,10.78333378,10.25,-17.60000038,83.46910095,16,3,16,347,123,349,35.40000153,698.0148926
YC,2827,1209.915894,0.104385309,138.9997253,39529.53125,268,189,228,16750.56641,27173.54883,23,1168.915894,2894,3.230165243,3033,-208.014267,17004.33594,15746.63672,24657.45117,-853.0450439,9517.266602,8031.28418,18004.16797,142,2683,2683,2958,2958,2594.999756,-1479.025635,2197.177246,1931.849609,9807.916016,2235.832031,874.0164185,41,13,41,686.9661865,251.9667511,686.9661865,78,23,438.0002747,10702.43262,3919,1078,946,142,1838,1028,102533,1651,23261,25994,3878,1550,966,19351,8310,264,863,67833,10.6698122,21.71100044,32.38299179,8.182822227,-1.419208884,-1.419208884,23.31135368,21.14450264,-5.306764126,37.68975449,986.1033936,11.81601143,9.603655815,26.38750267,2.870787859,1.64700675,1.64700675,22.78497314,21.25471878,-3.505152225,29.89265633,851.0234985,141.9679565,157.062561,144.7746735,151.5780487,142.9084473,153.5597687,165.3269958,148.8590698,141.3253632,138.8464508,144.8215332,136.3420715,260.6339722,211.1638184,231.6621704,223.5389252,252.7772217,228.2774963,99.00747681,137.9388275,101.7865372,107.0138168,102.0586929,117.4231949,1659.751831,437.4638977,811.7721558,674.8202515,1053.797363,449.9764404,102.1074982,31.90153313,60.41749191,64.12709045,80.55807495,34.42523956,146.7104797,49.98976517,117.6359482,68.90055084,109.2378922,46.7363205,23.20715141,420.513031,428.2043457,430.1158752,417.1330566,414.7075195,416.7083435,318.8247986,360.511322,338.3040161,359.2719116,332.7579346,355.117157,82.09005737,83.21102905,82.6967926,82.95310974,82.77200317,83.251297,7.554166794,150,33.0813942,27.5,14.22499943,-6.483333111,-6.483333111,20.01666641,18.86666679,-15.5,85.4263916,5,1,5,83,36,85,43,1069.731201
SYH,2891.96582,5251.48584,0.452364296,67.06762695,58737.06641,365,246.9659119,295.9988708,28523.55859,42052.60156,136.983551,5251.48584,2919.949463,2.740332603,3054.96582,-311.3207397,17422.28906,16493.32227,21389.6543,-628.203186,10492.84863,9251.039063,15443.33789,96,2765.999268,2765.999268,3006.96582,2990.96582,2703.982666,-1143.994141,3969.800537,3209.634277,9369.933594,8562.936523,741.0332642,228.8998413,57.96674728,228.8998413,2581.30127,1075.700439,2702.217773,0,65535,350.9831848,9299.482422,5673,1051,402,27,1321,3121,1236750,-4785,99750,14421,685,2750,2149,20794,8750,731,2750,414994,15.76502705,27.47154427,33.08424377,8.907747269,4.251635551,4.251635551,26.69842911,24.67698097,0.658885062,32.42535782,874.3670654,14.40196991,19.36606789,28.923563,5.213614941,3.889210701,3.889210701,24.41386604,23.02498055,2.002174616,26.92138863,806.4805908,123.4711304,145.9009247,135.9012299,141.7843475,127.053894,144.0187073,215.5102539,177.9998474,183.386322,181.1670685,196.7225342,177.7753296,177.6635437,216.1343231,203.9029083,220.8146515,193.3668213,206.8617096,135.9443054,183.243042,152.3418884,161.7275848,141.1792145,172.5325165,1498.838745,451.6884766,839.9691162,574.0397339,911.5285034,484.8990784,383.5626526,115.1248322,217.4438324,135.56987,239.7043915,113.6222382,245.0430145,43.00233078,149.8075562,87.84204102,182.1873627,62.34132385,33.82256317,365.9334412,336.538208,355.587677,344.394043,358.6165466,362.598938,456.4081116,447.5802612,440.4880371,434.9414063,447.8595886,430.7006836,77.50662994,80.79469299,79.12585449,79.82303619,78.75898743,80.60868835,14.1833334,589,29.02066422,32,10.76666641,1.51666677,1.51666677,26.06666565,24.54999924,-5.099999905,70.03354645,26,8,26,256,110,292,37.09999847,988.6154785
TG,2901,11808.50879,1.408188343,0,62012,365,258,329,29485,43942,365,11808.50879,2901,1.560002804,3044,160.8831787,19897.57813,14951.87988,18893.06641,-244.1167908,11981.79688,8352.016602,14471.96582,46,2788,2810,3006,3006,2750.983154,-574.1170044,5533.015625,3390.033203,9375,15910.62695,427.0335388,1758.681641,399.9162903,1651.748413,4881.581543,1832.849243,4881.581543,0,65535,293.0167236,8505,5608,886,1936,119,1020,,,,,,,,,,,,,,,,,,,,,,,,,,,,,,,,,,,,,,,,,,,,,,,,,,,,,,,,,,,,,,,,,,,,,,,,,,,,,,,,,,,,,,,,,,,,,,,,,15.54583359,1019,18.49045944,30.20000076,5.491666794,4.466666698,11.90000057,26.10000038,26.10000038,0.5,52.68336105,139,34,108,437,164,437,29.70000076,883.6455078
TH,2930.950195,21681.93359,1.880145192,0,73024.75,365,329.8674927,365,36700.59375,54774.75,365,21681.93359,2931.93335,2.730495691,3046.916992,3028.29541,16948.16406,15109.15039,17380.23047,620.3764648,11284.8125,9769.482422,12077.87793,71,2836.966553,2854.950195,3012.950195,2968.950195,2786.983154,-655.5223999,6177.029785,4667.849121,7179.643066,22271.57617,682.999939,2517.736816,541.1506958,2207.603027,8591.8125,4546.422852,10916.46582,0,65535,259.9337158,6939.214844,6980,1128,1160,105,1125,459,84674,821,23883,28612,3074,972,814,19822,8517,221,602,46505,19.92549515,21.73548508,31.81214714,5.603948116,10.32665825,12.2318449,28.69000435,23.45891953,6.029662132,25.78248596,723.0794067,19.05215263,15.29464245,29.54397011,3.220569849,10.64203167,12.58695316,26.48262978,21.8754921,8.487121582,21.05684853,630.4171143,124.3573761,148.9569855,137.3563995,144.3402863,129.5405273,148.6058655,215.2861328,148.8574524,171.5397034,171.6028442,180.2246246,159.6245575,322.6971436,424.0770874,375.3477783,395.4224243,327.985321,409.1810608,184.7189484,239.7167816,212.5480194,233.8180237,198.4044037,243.7907562,3280.311035,648.6328125,1184.320557,1010.658569,1827.012695,746.8501587,293.4690552,52.33825302,171.2832642,109.7442551,178.3526459,70.76258087,436.4833679,41.57977676,203.2910156,131.4520264,286.0421143,71.22533417,55.22784805,289.8573914,232.2884827,254.2345123,242.1665497,283.0098572,228.8291931,387.6341553,343.537262,370.663147,362.5776672,389.0465698,361.9241943,60.15948105,60.61460876,61.55288315,61.7053299,60.80223465,61.82686234,19.17916679,1778,27.14371872,32.5,7.491666794,9.583333015,11.5666666,27.76666641,23.04999924,4.900000095,65.85164642,188,47,177,650,336,874,27.60000038,748.3115845
THJS,2806.016357,4280.69873,0.480318159,71,37357.66797,238,177.9834747,208.9834747,16542.48438,26206.46875,102.9498062,4025.732178,2909.983154,2.259831905,3014.016846,-157.2181396,16939.34766,12271.28516,21961.35156,-592.7385254,9348.367188,6467.117188,15376.68457,104,2633,2633,2962.016357,2962.016357,2555,-1260.191406,1783.281616,1135.966431,7155.901367,7189.548828,1066.016724,75.98355103,22,75.98355103,2928.816162,1155.916626,2928.816162,124,87.0165329,459.0167236,12864.33398,4395,918,1660,241,1832,824,120896,290,29243,27403,2523,1125,1004,21697,8734,272,711,68468,9.132009506,15.5570631,29.6205349,6.025920391,-4.493072033,-4.493072033,22.77759361,22.77759361,-9.113771439,38.73430634,1105.039673,10.72926044,11.21243954,28.36200142,3.928747892,0.079911612,1.091740727,23.34883499,23.34883499,-6.67718792,35.03918839,936.4697266,134.3128662,148.368042,137.6553192,140.7444916,136.3416748,146.0131683,225.4470215,197.8644562,241.9698944,228.8731079,217.9937592,215.1230774,190.1207428,195.4486237,179.3653412,198.5153961,197.7047272,192.2195282,142.7007141,218.5674438,149.3276672,172.5505829,140.1103973,201.9265594,3319.813965,457.0421143,1000.989197,692.923645,1133.16687,452.9937744,236.6577759,150.2039185,168.38591,129.5870819,202.6397095,138.7822418,205.2194672,50.20969391,146.5417938,89.40492249,141.9085846,64.06302643,31.95948601,469.9421082,456.9702759,489.9045715,479.9934998,472.6263428,474.4403992,340.019989,347.4771118,330.9543762,321.5519104,329.6186829,333.3363342,78.52433777,82.11844635,79.82238007,81.82143402,78.97947693,82.64516449,6.970833302,473,25.49319839,29.5,12.49166679,-10.78333378,-10.78333378,23.03333282,23.03333282,-19.5,112.196434,8,2,8,319,144,319,49,1370.574585
TLS,2793,1301.150269,0.153236449,58,36692.86328,229.0167999,169.9832611,200.016449,16652.37695,25922.11328,40.04969788,928.0502319,2849.966797,1.990170717,3024.033203,-21.03346443,21099.42969,15956.76855,25365.23438,-899.0340576,10039.37402,6906.201172,15601.0332,96.0167923,2594.016846,2627.983398,2967.983154,2945.983154,2540.033203,-2002.067749,1084.368652,611.1505737,4868.916016,2397.250488,345.9338379,232.0499725,48,189.0499725,431.0002747,196.0002747,450.0002747,144,222.0996704,484.000061,14428.66211,4280,1042,2016,259,385,,,,,,,,,,,,,,,,,,,,,,,,,,,,,,,,,,,,,,,,,,,,,,,,,,,,,,,,,,,,,,,,,,,,,,,,,,,,,,,,,,,,,,,,,,,,,,,,,5.816666603,141,20.37429428,28.39999962,9.616666794,-11.71666622,-10.53333282,21.36666679,21.36666679,-18.79999924,44.25705719,20,4,15,56,24,56,47.19999695,1352.882935
WLSH,2863,5554.000977,0.564522386,111.016449,49433.00391,301,217.016449,254,23801.98633,35601.03516,209.9839172,5427.017578,2904.032959,2.37983489,3032.016357,-3.987421989,16002.32227,13245.50684,21983.98242,-502.7867126,9468.033203,8106.831543,15777.93359,89.01644897,2720,2720,2989,2989,2656.983643,-1104.437744,2770.890381,2558.900391,8324.916016,8974.017578,1139.016479,126.983551,35,126.983551,3898.033447,1646.949707,3898.033447,69,55,375.0328979,10497.19727,4902,1152,800,40,2770,3220,1537259,3856,101804,30143,936,627,3834,27618,9363,1147,502,1279300,13.81453896,21.68751907,32.02908325,7.031945229,0.499598682,0.499598682,26.0547657,26.0547657,-0.394841492,32.42392731,1011.800049,13.10294247,8.97063446,28.05336952,2.39903903,1.583812952,1.583812952,24.64430809,24.64430809,1.310120821,26.74324799,931.1585693,135.5218658,141.4181366,137.0096741,140.1790771,135.8512115,140.3238068,208.616394,205.0863037,216.2149811,213.4565582,214.7911072,217.7970428,302.6170349,280.3194885,301.3820496,306.9202271,304.4117432,294.782135,86.65798187,95.48373413,88.3239212,90.13349152,84.67910767,85.649086,1848.042725,734.8329468,1536.707886,871.6571655,1171.459717,696.5431519,223.4411011,99.51354218,108.3698273,121.2926636,100.6722183,87.54817963,245.8483429,126.0873108,179.6624298,141.830658,183.9033051,110.2668533,32.29166794,279.474823,293.2478027,279.8764038,271.5644531,276.1585083,285.4966736,417.7049561,426.5166016,418.3457947,421.5648499,419.276062,419.7211914,80,82,81.92633057,82.21627045,81.24578094,82.00007629,13.02499962,553,26.89684486,30.89999962,10.51666641,-1.266666651,-1.266666651,25.78333282,25.78333282,-8.199999809,133.4430542,15,4,15,412,196,412,39.09999847,1098.973633
WZ,2760.016602,703.2008667,0.080383584,134.032959,21496.46094,215.0332489,120,170.9832764,4507.013184,11827.7793,14,610.1676636,2841.983154,3.430165291,2941.999756,-208.2673035,15513.83203,9923.589844,27754.85352,-826.401123,8831.02832,5186.413086,20336.52344,139.9832764,2634,2692,2877.983154,2877.983154,2535.033203,-1393.551147,2186.54126,1386.999512,10635.17578,1320.368286,936.934082,45,6.033245564,28.03324509,422.1005859,160.0338135,422.1005859,139,33.03324509,406.9664612,9511.214844,3421,941,1109,204,1810,,,,,,,,,,,,,,4.39120388,31.99982643,26.61808777,12.55908012,-4.962025166,-0.797037303,14.1340313,14.1340313,-12.62924957,39.24733734,757.8544312,11.92417145,26.54893303,23.01653862,8.55210495,0.641522586,8.015640259,22.25178719,22.25178719,-9.196073532,32.21261215,856.2325439,131.5618896,144.4272003,134.4830475,140.1832733,132.4225464,143.9148712,149.8882446,138.8478851,139.8218079,137.3504944,138.9337158,135.9805603,166.4217072,141.4485016,147.4825439,147.0917664,177.3132019,148.1179657,285.2624207,317.828125,294.8510742,290.2670288,288.5309143,306.6359558,938.6334229,503.1148987,514.7171631,452.7477722,710.5747681,477.7489319,157.5989075,52.76606369,87.1992569,89.09407806,110.0099411,58.52800369,137.5278625,73.93356323,88.20940399,60.36651611,113.9375839,53.8164711,22.5816803,586.6519165,620.2729492,639.1419067,631.3775024,602.0544434,626.0566406,247.0471954,238.1073303,213.5545654,221.5307465,220.7891998,225.7507477,81.64749146,79.52706909,81.32318115,80.52706909,81.82849121,79.73003387,2.070833206,73,31.67077065,20.89999962,12.85833359,-10.61666679,-4.483333588,14.01666641,14.01666641,-19.70000076,103.1226807,3,0,2,52,20,52,40.59999847,998.9186401
XCDH,2904.934082,15367.77051,1.372622848,0,63386.85938,365,262.967041,343.8683777,30377.79102,45172.63672,365,15367.77051,2904.934082,2.480161667,3061.934326,1112.915771,16229.13965,16085.16309,19036.15039,348.7999268,8907.941406,8676.511719,13448.50879,81,2792.950684,2813.950684,3010.901123,3010.901123,2733.967041,19.75032616,3793.290771,3486.749023,8958.901367,18780.00781,391,2274.431396,499.0995789,2160.397949,5909.078125,2339.414795,5909.078125,0,65535,327.9673157,8482.837891,6258,1194,754,64,1835,1929,634856,2349,64688,28883,1443,830,2477,21694,8762,683,572,433973,17.87113571,23.96546173,33.74432373,7.613798141,6.767337799,9.159873009,28.05189705,25.92708778,1.974445581,31.76987839,835.0281982,16.72447968,18.53613281,30.71384811,4.753583908,6.982924461,9.32072258,25.98574638,23.68218613,5.068887234,25.6449604,745.4973145,120.8381653,145.2733307,140.7110748,141.02742,128.2820282,143.1745605,189.0378113,150.9507141,150.1290436,150.5926514,152.0274658,154.3486023,344.1513672,403.5654602,368.4255676,397.3183899,356.2818604,393.9855652,122.9588776,127.2986069,125.0669403,126.7047653,129.1894989,123.7507401,3710.28418,804.6573486,1538.427002,962.4836426,1700.911621,931.2780762,351.9101868,42.37866974,133.1843872,83.36092377,187.4674988,57.99867249,421.6689148,83.71881104,198.4704742,137.897522,265.7315063,109.5645065,46.47011948,136.1642761,124.1764984,127.2296066,116.6280441,134.8629913,114.2141342,519.8654785,472.1876221,504.4166565,485.8609314,508.859436,491.6661072,62.35911179,64.05277252,63.46152115,64.30336761,62.27249527,64.30404663,16.45416641,1311,25.10515213,32.20000076,7.958333492,5.516666412,7.75,26.81666565,20.31666756,0.5,43.02092743,176,41,150,442,184,467,31.70000076,867.3508911
XH,2742,5650.5,0.83052671,54,26837.48828,203,140,175,9455.586914,17368.4707,182,4869.449219,2875.983398,1.980165362,2977,154.5394592,12757.25,8877.632813,20347.23438,-152.0069122,6070.270996,4114.916504,13184.43457,104,2536,2536,2922,2922,2452,-649.4937744,482.0228882,352.0170898,5024.450684,6998,909.0162354,226.0001221,58.9834671,226.0001221,3409.265869,1257.099731,3409.265869,176,313.0332947,525,14992.90039,5397,1187,1517,170,1959,816,294677,187,44634,28004,1987,1027,1532,22415,8781,418,659,151847,3.914511681,14.33347225,24.48829651,5.641405582,-10.6881628,-10.6881628,18.54673576,18.54673576,-14.86996651,39.35826111,1155.481323,3.4232831,10.798563,19.60640717,3.655483246,-8.674509048,-8.674509048,16.1059761,16.1059761,-14.24516392,33.85157013,948.2609253,99.24694824,144.2833862,125.3516464,134.1921234,106.6366196,139.4894714,303.1303711,234.0621948,251.7104492,250.7381439,256.3896484,255.6962128,268.5898132,316.4107666,276.2972412,299.2157593,261.8952942,305.5514221,112.1358261,208.7711334,145.9309235,165.7891083,126.2741547,196.7857361,10983.44727,959.3805542,1890.940552,1363.098999,3854.034424,947.486145,797.0551147,81.84052277,238.9115448,148.5252686,531.5524292,108.3376617,542.3265381,54.46399307,227.3655243,154.6737671,335.7302856,71.04257202,68.2228775,313.6726379,301.541626,310.4156189,287.467926,316.0541382,302.3852234,417.6390076,382.1338806,413.4599609,413.1914368,422.2009583,392.0038452,61.29870605,62.87380219,61.96235657,62.16370392,61.75295639,62.5450592,0.058333259,616,23.83041,26,13.58333397,-21.10000038,-21.10000038,18.48333359,18.48333359,-31,99.06641388,21,6,21,382,144,382,57,1602.354614
YDH,2835.950684,3306.812012,0.302378505,116.9502258,42353.90625,274.9671021,196.983551,235,18758.75977,29595.82617,77.95001984,3222.862305,2898.983887,2.839999914,3031.950195,-197.4909515,16326.31738,15024.63867,23889.66797,-633.8666382,8989.680664,7766.686523,16848.73828,121,2687.950195,2687.950195,2967.950684,2967.950684,2605.950195,-1175.223389,2182.626953,1889.321655,9043.973633,5722.143066,908.0167236,83.94981384,20.98327255,83.94981384,1952.314087,762.7492676,1952.314087,78,41.98299026,426,10897.74512,4782,1136,970,124,1911,2381,681927,3791,67328,29899,1538,755,2665,24704,9064,828,517,581489,11.64244556,22.58245277,31.15809631,7.815606594,-1.241793394,-1.241793394,24.14471054,21.66460419,-3.451107264,34.60920334,1012.556458,11.68455696,11.03448105,26.43290901,3.223608494,0.635728002,0.635728002,22.72834396,20.91946793,-2.781046152,29.21395493,891.2788086,132.5324097,147.8751678,133.9520111,142.7061005,132.7628784,145.9852295,175.6378937,136.2485504,150.6423035,146.1168213,160.1836395,143.586441,179.1450195,190.8552399,183.9956818,184.3191223,178.9622345,178.3273163,136.0268402,155.3198395,135.6807098,137.1553802,132.8630981,139.5523987,1477.621216,376.1558533,802.5588989,653.8699951,1028.05249,445.8276672,115.2524261,46.97835541,72.88276672,59.3919754,68.38238525,53.56747437,194.489563,46.95110321,124.1081543,80.99123383,132.6179352,59.54553223,25.15673447,464.7423096,467.6535034,463.6540527,459.8291931,463.8439026,469.18927,356.1546021,341.5115662,352.3982849,355.9100647,357.1450806,352.4833984,82.07254028,84.04895782,82.92009735,83.40158081,83.07254028,83.96997833,9.304166794,399,29.95943832,30.20000076,13.54166698,-5.699999809,-5.699999809,22.71666718,21.01666641,-15,99.80049133,9,2,9,235,102,251,45.20000076,1147.599243
YJS,2956.983643,17515.96484,1.390449762,0,82285.53125,365,365,365,45785.53125,64035.53125,365,17515.96484,2957,3.369835377,3048,1544.106689,16643.66797,14190.69727,17723.15039,227.9557648,11628.03711,10752.70996,13352.66504,74.9667511,2878,2894,3019.000244,3010.000244,2827,-664.1604004,6681.47998,6314.824219,8395.464844,20221.24219,638,1857.167358,368.0501404,1675.200928,7920.638672,3075.335693,8782.907227,0,65535,221,5610.037598,7235,1250,1367,117,1313,820,206882,3321,27619,26867,3622,1289,1114,16747,7656,370,763,215798,22.4360199,25.75377655,31.64266968,5.433443069,14.35898781,16.21250343,28.96086884,27.91864395,10.54501438,21.09765625,581.5346069,21.33852959,18.288414,29.49329758,3.125547409,14.20444679,15.80399418,27.37114525,25.75544167,12.40298557,17.09031296,517.4597168,119.8535004,147.6295929,143.2792969,149.4105072,120.0036469,148.6483002,194.6098633,144.4100037,162.1907806,150.4579773,167.243866,147.0007019,339.5183411,450.8484497,394.9561768,432.0114746,340.940155,436.3054199,91.34726715,116.3809357,84.88404846,93.13243866,96.17805481,118.8754349,1943.417236,380.041687,1042.869141,585.2316284,1088.041382,511.3648987,229.3731689,41.47161484,91.22344971,65.30514526,114.4634857,44.90846634,331.8374329,53.9117775,153.4548645,108.614357,231.4183044,68.45817566,41.71171188,296.7641907,266.6904907,266.052124,245.2216339,295.3639221,255.6244812,363.5473022,282.4408569,338.9127808,322.8735962,363.7658997,307.8175049,60.40259552,62.15940475,60.85243225,62.30167389,60.77441025,62.44479752,21.89583397,1434,31.9620266,32.59999847,7.574999809,13.78333282,15.51666641,28.58333206,27.63333321,8.899999619,67.64052582,160,35,114,637,252,682,23.69999886,613.7606201
YWQ,2738.200684,8378.492188,1.375496149,76.01673126,17453.31641,192.1506653,98.23375702,149.1835632,2665.308105,8903.054688,161.1343689,6827.168457,2834.133545,2.500496387,2916.16748,734.2926025,12934.37109,7201,23001.5918,41.68239212,6348.460449,3668.36792,14765.77148,84.01673126,2611.217041,2611.217041,2861.183838,2861.183838,2579.183838,-369.4858093,749.3041992,994.0556641,4902.604004,6758.283691,928.916626,339.7318115,92.94959259,339.7318115,5153.890137,2097.539307,5153.890137,199.8484039,486.3727417,336.9836121,9733.316406,5217,1026,1180,140,1713,729,82919,2465,20288,26775,4076,1170,876,17658,8022,232,753,57747,3.317793846,23.08033943,23.07901764,9.11266613,-8.348817825,-8.348817825,14.91098976,14.91098976,-16.40335464,39.48237228,905.1742554,3.202663422,17.00574875,16.80677032,5.257887363,-5.888440132,-5.888440132,12.19636726,12.19636726,-14.11152458,30.91829491,711.642395,115.22612,151.3345642,130.6545868,141.3794403,124.7659302,148.1460876,224.1404266,178.7540588,205.7994385,197.202774,211.6553192,181.9102631,227.2555237,224.6798706,222.0673065,232.990097,236.2731934,245.4221344,188.4026947,288.4925842,212.4136505,245.3515167,198.6331635,268.6656494,6258.824707,616.8970947,1549.437012,1196.189209,2804.503174,716.9884644,838.375061,98.22281647,220.123642,160.8027802,416.2423401,105.5013199,332.9700928,43.31842422,187.9028168,99.77714539,287.1354675,53.54324722,58.57025528,364.5346069,365.5176086,355.8069153,351.4374695,355.9784546,353.3551636,408.2678223,409.8869629,422.3428345,415.5464172,407.8395996,401.2595215,69.45081329,75.89289856,70.47780609,72.84042358,70.16294861,74.98020172,1.404166698,189,27.8390522,21.29999924,11.35833359,-12.23333359,-12.23333359,14.55000019,14.55000019,-19.5,76.07815552,7,2,7,98,38,98,40.79999924,1100.360352
ZGL,2727.050049,4271.310059,0.623419821,165.0832062,9744.939453,179.0332336,0,116.0499649,2.15E+09,2329.324951,154.0829163,3811.318848,2793,4.000664711,2853.016602,-91.36717987,14443.3418,4223.765625,28750.38477,-528.5836792,8750.014648,2729.316406,22670.00586,121.0164413,2643.050049,2653.033203,2805.033203,2805.033203,2550.050049,-998.097229,3278.75,1301.850464,15224.77832,6088.897949,1227.033936,49.90007401,13.96676064,46.91679764,3043.712891,1264.614868,3043.712891,198.9511566,110.8219299,302.9667664,6371.28418,4297,1006,2210,319,1947,,,,,,,,,,,,,,2.869984865,33.02287292,14.80265522,6.14431715,-1.636182666,-1.636182666,8.864512444,8.864512444,-3.803592682,18.60624695,434.5845337,5.649297714,12.34990311,13.6698637,2.019337893,-0.429388136,0.347882032,10.81330013,10.81330013,-2.681179047,16.35104179,486.3739624,102.7206116,139.221344,119.1051102,132.5732269,113.0323486,136.623764,177.8553619,118.3112335,135.0628357,124.0439148,140.1077881,117.759201,224.8395691,251.7881927,241.42836,237.0945587,226.160141,243.1961365,208.5293274,300.7886353,216.9164581,276.4240723,215.7154083,288.0871277,2959.301514,635.788269,1678.580811,1264.913696,2192.851807,744.1865845,346.1725464,94.0488205,172.3940277,114.5971832,257.6873779,100.8893661,295.5229797,65.24066162,243.2715149,123.5559006,267.1765747,65.73270416,48.36317444,455.4632263,469.0274048,449.5071716,452.0763245,457.0535889,449.6629028,319.457428,278.7949219,309.4974365,310.8291016,316.786377,306.685791,71.45531464,72.25206757,73.20833588,71.50390625,72.52330017,72.30786896,1.079166651,311,44.1252594,14.89999962,14.20833302,-7.233333111,-6.416666508,8.933333397,8.933333397,-17.29999924,96.02715302,11,3,10,194,74,194,32.19999695,661.1369629
ZL,2773,4700.01709,0.606704593,56,32961.51563,219,159,191,13940.51465,22713.43164,128.9997253,4475.033691,2899,1.950000048,3004,-39,15793.11523,11927.90039,21804.94922,-405.9831848,7802.015137,5610.949707,14309.89941,101,2569,2569,2952,2952,2487.999756,-1119.016479,820.9996338,533.9664307,5559.899414,7793.03418,1128.016479,104.9834671,27,104.9834671,3262.000244,1443.000244,3262.000244,142,115.9834671,516.0003052,14822.29883,4048,1088,1138,165,1906,1035,178043,3556,34022,28694,2362,1021,1348,22710,8875,421,602,147620,6.303788185,14.71012306,27.22283554,6.048560143,-9.301403999,-9.301403999,21.24282265,21.24282265,-13.8955164,41.11835098,1210.617432,6.390066147,10.24962997,22.58610344,3.619612694,-5.410140038,-5.410140038,18.87914467,18.87914467,-12.72846699,35.31457138,943.1704102,127.3579483,147.2512665,136.6442108,138.5742645,129.9949036,144.3549652,264.3049316,200.7994843,228.1695862,221.7301178,252.9122162,208.4346619,259.536438,272.8773804,270.0131836,288.927948,265.2690125,275.6558228,99.72290039,155.0300446,100.1645432,123.7730103,97.6022644,137.0753632,3391.977539,480.1313171,1238.908691,1021.2323,1761.223633,532.8300781,215.405304,45.40958405,126.7553101,87.89954376,173.4641418,54.42196655,292.629364,45.45998383,141.5390625,81.22896576,207.7202911,58.52062225,37.10186768,423.3389282,424.0450745,415.0203247,392.7615356,413.6824036,405.7776184,316.9220886,303.1015625,315.1402283,318.1158752,321.1313782,318.7446289,77.8833847,80.59799194,78.34297943,80.41221619,78.92550659,80.72027588,3.4375,421,21.53179169,27.10000038,11.17500019,-16.35000038,-16.35000038,21.10000038,21.10000038,-24.79999924,118.5692062,8,2,8,294,136,294,51.90000153,1515.161499
ZY,2816,1414.101196,0.130024925,165.9667511,35616.58594,262.0332336,178,219,13661.50195,23593.45117,29,1328.084351,2881.016846,3.300162315,3017.016846,-188.8004303,15038.63477,13126.9541,24649.58594,-742.6844482,8567.928711,7051.501953,18093.28516,139,2680,2680,2939,2939,2596.033203,-1259.552002,2089.006104,1799.10022,9560.96582,2596.168701,908,64.01679993,20.01680183,64.01679993,825.0341797,320.0336609,825.0341797,84,38.01679993,420.98349,10092.86816,3696,1032,675,111,1622,1775,471639,2581,53240,29807,1902,833,1981,24360,9063,582,522,311489,10.21692753,25.30638313,30.89958382,8.932397842,-1.227080107,-1.227080107,22.54270744,22.54270744,-4.397433281,35.29701614,959.7490234,10.69066048,10.93416977,24.3079834,3.006409883,1.627732754,1.627732754,20.44921112,20.44921112,-3.187563658,27.49554825,772.5264893,145.0137939,151.1529388,148.1077118,150.7232819,146.761795,150.8866882,169.8643646,139.4575806,153.1051025,143.46698,155.8087158,138.0393219,220.7256317,226.8378296,239.7262268,229.5523376,229.2870026,221.9368591,133.6605377,200.5435638,141.235672,160.584137,138.4773407,179.1830444,1538.764404,552.3393555,804.1811523,659.2193604,1109.134888,548.694458,103.5583038,52.46190643,71.66488647,51.41612625,80.32341766,59.78347778,162.3200226,42.6448822,115.8100357,72.54412079,114.3321228,50.66404343,23.18452644,392.6080017,394.1020813,389.9461975,384.0252686,398.4308777,387.4577026,386.4603271,379.2506104,370.3554382,386.5198059,372.5329285,390.6243591,83.16217041,84.18469238,83.95850372,84,83.71392822,84,7.091666698,186,33.40773773,27.89999962,14.96666622,-6.833333492,-6.833333492,19.73333359,19.73333359,-16.89999962,102.5430069,3,1,3,119,45,119,44.79999924,1081.849854
ZZHH,2883,6139.23584,0.530294538,86,55373.5,365,237,285,26411.0332,39426.94922,165.0168152,6099.251953,2931,2.900000095,3049,-80.1819458,17371.62891,16035,21616.01758,-530.2327881,10298.56348,8743.066406,15439.10059,104,2755.983154,2755.983154,2998,2981,2689.983154,-1092.332275,4108.797363,3148.983643,9292.067383,9747.319336,914.0170288,260.983551,77,260.983551,3557.201904,1562.10083,3561.151611,0,65535,359.0167236,9372.183594,6067,1133,651,50,1776,2821,1232321,2844,93446,25753,1250,1076,2958,22539,8889,1019,786,823916,15.57121468,26.37242699,33.24705505,8.689626694,3.434854507,3.434854507,27.19028664,27.19028664,0.29738903,32.94966507,928.0001831,14.68152332,18.96887398,29.38406563,5.268599987,3.463109493,3.463109493,25.4762249,25.4762249,1.609090805,27.77497482,874.6221924,124.8164902,141.900116,136.3836517,137.7673492,128.145874,141.4432983,232.5442352,214.1562805,223.4452515,221.0907898,228.3585815,221.3959503,202.5437469,252.2563782,226.8236542,247.6351624,208.2762909,256.1878357,72.13059235,106.0388641,76.78209686,83.26470184,74.5125351,94.74113464,1255.848511,354.9891968,719.0402832,518.0473022,750.631897,383.812561,386.5888367,145.3040771,137.1686401,103.2520828,211.1021576,148.7758026,223.3873749,49.37363052,158.2002258,107.3442535,169.9750366,76.4969101,29.84676743,319.7134094,282.6738586,292.7399292,284.1829529,311.7207947,279.0798645,478.0082397,464.8641052,480.5839539,468.1602478,479.9851685,464.6783752,77.89172363,80.26738739,79.84918976,80.34596252,79.06473541,80.12635803,14.1916666,594,29.17808342,31.29999924,10.64999962,1.700000048,1.700000048,25.88333321,24.38333321,-5.199999809,85.8946228,25,7,25,322,146,330,36.5,976.3052368
